post_id,upload_date,media_type,likes,comments,shares,saves,reach,impressions,caption_length,hashtags_count,followers_gained,traffic_source,engagement_rate,content_category
IG0022566,2025-08-23 09:25:22.954916,Carousel,188570,1224,673,12620,1916733,2042663,1974,10,811,Explore,9.94,Beauty
IG0002061,2024-12-28 09:25:22.954916,Carousel,47379,518,2070,10832,272674,464060,70,23,999,Explore,13.1,Beauty
IG0011495,2025-07-18 09:25:22.954916,Carousel,195634,2593,283,4641,1861179,2085343,1706,21,561,Profile,9.74,Beauty
IG0002880,2025-09-22 09:25:22.954916,Carousel,11268,2935,4665,7764,1952138,2129236,832,9,371,Hashtags,1.25,Beauty
IG0007347,2024-12-02 09:25:22.954916,Carousel,74286,6554,2324,4264,1577245,2018064,1129,0,185,External,4.33,Beauty
IG0024617,2025-11-15 09:25:22.954916,Carousel,30876,3430,1533,11435,1648491,2114649,192,25,183,Home Feed,2.24,Beauty
IG0023270,2024-12-09 09:25:22.954916,Carousel,125269,212,3008,14212,1974050,2423755,1844,18,299,Hashtags,5.89,Beauty
IG0004467,2025-03-11 09:25:22.954916,Carousel,68620,3644,2890,1534,1042169,1191869,574,25,211,Explore,6.43,Beauty
IG0019515,2025-06-14 09:25:22.954916,Carousel,138242,2082,861,9781,1606775,1979591,695,3,534,Home Feed,7.63,Beauty
IG0028007,2025-10-31 09:25:22.954916,Carousel,115130,2654,4824,9532,407576,606128,1511,7,464,Hashtags,21.8,Beauty
IG0028296,2025-04-23 09:25:22.954916,Carousel,149780,2633,451,7803,638267,830582,776,26,387,Explore,19.34,Beauty
IG0017215,2025-06-22 09:25:22.954916,Carousel,61505,4228,4029,13077,431170,483548,1327,20,819,Home Feed,17.13,Beauty
IG0018040,2025-10-06 09:25:22.954916,Carousel,86228,1866,3459,9262,739875,857258,737,7,236,Profile,11.76,Comedy
IG0027157,2025-09-12 09:25:22.954916,Carousel,165270,829,4366,6691,1552528,1564457,1455,20,822,Home Feed,11.32,Comedy
IG0027533,2025-04-27 09:25:22.954916,Carousel,178548,2605,2398,14314,1467970,1538756,2077,4,692,Home Feed,12.86,Comedy
IG0003473,2024-12-20 09:25:22.954916,Carousel,23983,7027,2354,5202,1398285,1407202,278,1,812,Explore,2.74,Comedy
IG0008013,2025-01-28 09:25:22.954916,Carousel,41004,7215,881,343,1170498,1647621,703,2,528,Profile,3.0,Comedy
IG0025850,2025-07-18 09:25:22.954916,Carousel,65698,7834,393,13305,1529572,1941319,898,14,323,Home Feed,4.49,Comedy
IG0026817,2025-06-03 09:25:22.954916,Carousel,106304,6902,4067,8100,1423380,1456345,171,16,413,External,8.61,Comedy
IG0024883,2025-04-22 09:25:22.954916,Carousel,166427,575,552,6491,1890054,2240180,404,28,429,Explore,7.77,Comedy
IG0018521,2025-04-06 09:25:22.954916,Carousel,85634,7695,263,4878,1488921,1498603,780,24,880,Profile,6.57,Comedy
IG0025269,2025-05-08 09:25:22.954916,Carousel,87739,6181,3779,10237,64910,187055,1630,20,161,External,57.7,Comedy
IG0021458,2025-03-17 09:25:22.954916,Carousel,158862,9377,1753,12631,107973,268895,1046,28,601,External,67.92,Comedy
IG0024493,2025-04-27 09:25:22.954916,Carousel,187338,6975,4171,11217,199783,570839,800,23,209,Reels Feed,36.74,Comedy
IG0023624,2025-08-16 09:25:22.954916,Carousel,186451,6109,2389,4125,1580330,1673971,474,21,952,Hashtags,11.89,Fashion
IG0020478,2024-12-27 09:25:22.954916,Carousel,15941,7608,638,4997,155143,252056,60,21,507,External,11.58,Fashion
IG0023440,2025-07-29 09:25:22.954916,Carousel,180942,76,792,14743,1945770,2124581,1944,28,9,Hashtags,9.25,Fashion
IG0021783,2025-03-02 09:25:22.954916,Carousel,14054,5395,94,2558,650434,680336,1759,4,925,Explore,3.25,Fashion
IG0002267,2025-09-23 09:25:22.954916,Carousel,67562,4492,1298,1467,1673843,1896145,1611,10,330,Home Feed,3.95,Fashion
IG0024024,2025-05-07 09:25:22.954916,Carousel,11766,5513,1517,6824,1712617,2115280,1132,3,693,Hashtags,1.21,Fashion
IG0020145,2024-12-15 09:25:22.954916,Carousel,113798,2746,2454,6469,1505217,1659326,16,8,766,Profile,7.56,Fashion
IG0002550,2025-02-16 09:25:22.954916,Carousel,96678,9251,3166,4315,1002268,1378157,390,6,210,Reels Feed,8.23,Fashion
IG0023428,2025-01-04 09:25:22.954916,Carousel,92460,9592,663,4100,843914,1325080,1611,30,120,Explore,8.06,Fashion
IG0029814,2025-04-30 09:25:22.954916,Carousel,128909,2266,4301,9537,298048,761962,1274,10,3,Hashtags,19.03,Fashion
IG0025117,2025-07-13 09:25:22.954916,Carousel,109484,2969,2805,12786,254337,449301,10,20,118,Reels Feed,28.5,Fashion
IG0002846,2025-01-02 09:25:22.954916,Carousel,108022,6041,1410,55,338449,651854,1925,30,686,Hashtags,17.72,Fashion
IG0029202,2025-08-08 09:25:22.954916,Carousel,167429,9020,41,2890,684728,1175646,1862,2,613,Hashtags,15.26,Fitness
IG0019591,2025-04-22 09:25:22.954916,Carousel,65739,6890,171,2874,314413,671117,1702,11,416,Home Feed,11.28,Fitness
IG0024856,2025-06-18 09:25:22.954916,Carousel,198532,7304,3630,13468,1336500,1622292,1244,27,796,Profile,13.74,Fitness
IG0005035,2025-01-10 09:25:22.954916,Carousel,82749,1081,4904,5158,1885453,1973255,1333,30,616,Reels Feed,4.76,Fitness
IG0009565,2025-05-23 09:25:22.954916,Carousel,16305,8015,1892,8907,1869440,2097984,605,5,663,Home Feed,1.67,Fitness
IG0024818,2025-07-20 09:25:22.954916,Carousel,33436,5763,405,4574,862476,1185250,1989,21,216,Home Feed,3.73,Fitness
IG0011454,2025-10-30 09:25:22.954916,Carousel,8654,3891,3656,1818,39114,326421,557,5,983,Reels Feed,5.52,Fitness
IG0002628,2025-07-11 09:25:22.954916,Carousel,131082,1089,1334,12661,1575898,1867433,780,1,749,Explore,7.83,Fitness
IG0010725,2025-05-11 09:25:22.954916,Carousel,39455,6875,3725,6181,804832,926152,1598,3,971,Profile,6.07,Fitness
IG0012562,2025-11-11 09:25:22.954916,Carousel,195030,4403,3648,3405,653071,927252,1623,8,992,Home Feed,22.27,Fitness
IG0002153,2025-08-02 09:25:22.954916,Carousel,122140,7533,2423,10792,38740,200073,79,24,371,Reels Feed,71.42,Fitness
IG0017361,2025-10-09 09:25:22.954916,Carousel,177535,3423,4745,14140,1094391,1175637,1519,21,124,External,17.0,Fitness
IG0002802,2024-11-25 09:25:22.954916,Carousel,72072,7995,2973,802,408876,593476,384,19,570,External,14.13,Food
IG0007550,2024-11-20 09:25:22.954916,Carousel,77374,4331,2228,9194,580743,986929,1314,6,629,External,9.44,Food
IG0025103,2024-12-10 09:25:22.954916,Carousel,123203,7021,4404,365,1165532,1416489,674,6,966,Explore,9.53,Food
IG0013629,2024-12-31 09:25:22.954916,Carousel,11339,2787,569,11405,425036,512449,158,0,710,Explore,5.09,Food
IG0029109,2025-08-06 09:25:22.954916,Carousel,79601,5506,4790,13823,1790294,2072423,1044,19,242,Explore,5.0,Food
IG0023548,2024-12-28 09:25:22.954916,Carousel,57433,3761,4843,1657,1616687,1969872,768,28,649,Explore,3.44,Food
IG0002789,2025-04-01 09:25:22.954916,Carousel,61056,3183,4320,3194,1006180,1225510,1596,2,935,Reels Feed,5.85,Food
IG0006977,2025-04-30 09:25:22.954916,Carousel,88754,952,690,5473,979455,1297349,1525,4,561,Profile,7.39,Food
IG0025465,2025-11-01 09:25:22.954916,Carousel,146411,6670,1584,4803,1929238,2026505,2169,4,994,Explore,7.87,Food
IG0028005,2025-03-09 09:25:22.954916,Carousel,163802,9269,4698,6413,694537,1144340,655,30,824,Explore,16.1,Food
IG0006731,2024-12-02 09:25:22.954916,Carousel,155600,4869,4728,10023,480707,706522,517,5,6,External,24.8,Food
IG0016273,2024-11-29 09:25:22.954916,Carousel,127544,3243,433,6813,421321,699991,1092,27,228,Hashtags,19.72,Food
IG0021377,2025-04-25 09:25:22.954916,Carousel,165070,8221,1434,14892,1134405,1618170,138,26,469,Home Feed,11.72,Lifestyle
IG0002688,2025-10-06 09:25:22.954916,Carousel,156581,4429,3706,7083,1113664,1257015,23,2,406,External,13.67,Lifestyle
IG0023894,2025-05-17 09:25:22.954916,Carousel,165879,9944,194,5526,931799,1403000,1612,25,744,External,12.94,Lifestyle
IG0013833,2025-07-29 09:25:22.954916,Carousel,48677,5596,2409,5909,1948020,2276769,1251,28,350,Home Feed,2.75,Lifestyle
IG0002689,2025-10-31 09:25:22.954916,Carousel,84236,9161,4381,1404,1789003,2088918,291,22,264,Profile,4.75,Lifestyle
IG0004017,2025-06-04 09:25:22.954916,Carousel,6146,6566,4406,11612,1235169,1355569,900,27,487,Profile,2.12,Lifestyle
IG0007074,2025-02-15 09:25:22.954916,Carousel,72694,4160,2754,4683,1552603,1622212,1983,29,29,Profile,5.2,Lifestyle
IG0021154,2025-01-03 09:25:22.954916,Carousel,67274,4924,2610,2579,967655,1191190,814,5,236,Home Feed,6.5,Lifestyle
IG0011027,2025-05-08 09:25:22.954916,Carousel,118436,5116,4898,13055,1294649,1757250,1969,16,299,Reels Feed,8.05,Lifestyle
IG0027836,2024-11-30 09:25:22.954916,Carousel,177441,2022,2559,512,295290,557704,1130,19,521,Reels Feed,32.73,Lifestyle
IG0029498,2025-09-22 09:25:22.954916,Carousel,144556,100,4041,3364,426675,575629,1071,8,966,Profile,26.42,Lifestyle
IG0018932,2025-02-02 09:25:22.954916,Carousel,168046,3817,4614,3958,479242,629429,927,30,579,External,28.67,Lifestyle
IG0024551,2025-08-04 09:25:22.954916,Carousel,185675,9802,4746,2681,398450,534628,935,24,113,Profile,37.95,Lifestyle
IG0021967,2024-11-28 09:25:22.954916,Carousel,144540,5444,856,10666,1416355,1656082,1005,5,269,Home Feed,9.75,Music
IG0003343,2025-05-24 09:25:22.954916,Carousel,121664,7530,2636,8839,907193,1232969,1704,22,378,Explore,11.41,Music
IG0023927,2025-08-20 09:25:22.954916,Carousel,72046,106,4372,8437,632257,797425,1271,15,322,Reels Feed,10.65,Music
IG0003275,2025-01-15 09:25:22.954916,Carousel,17129,5099,4065,10602,1908528,1963617,1602,5,741,External,1.88,Music
IG0006667,2025-08-24 09:25:22.954916,Carousel,5658,301,2479,8241,1765383,2013365,412,6,727,Home Feed,0.83,Music
IG0024690,2025-06-10 09:25:22.954916,Carousel,37767,8017,3677,6552,732243,1127345,1569,13,530,Hashtags,4.97,Music
IG0013448,2025-01-05 09:25:22.954916,Carousel,76654,1443,3603,10932,1482120,1502924,1542,7,824,Home Feed,6.16,Music
IG0001686,2025-02-22 09:25:22.954916,Carousel,101776,6261,4225,85,1815343,1841371,1007,0,81,External,6.1,Music
IG0003478,2025-04-20 09:25:22.954916,Carousel,84648,4469,824,14783,1366369,1829307,1326,18,914,External,5.72,Music
IG0015078,2025-01-14 09:25:22.954916,Carousel,138059,1849,3351,934,279152,498598,1023,2,246,Explore,28.92,Music
IG0002558,2025-06-23 09:25:22.954916,Carousel,190064,9582,3186,848,755909,914339,1840,25,668,Home Feed,22.28,Music
IG0005195,2025-01-09 09:25:22.954916,Carousel,178530,5290,4776,13910,664475,953724,2076,28,873,Hashtags,21.23,Music
IG0002433,2025-10-26 09:25:22.954916,Carousel,145645,130,2900,4655,1418027,1664225,826,17,598,Home Feed,9.21,Photography
IG0001881,2025-06-17 09:25:22.954916,Carousel,157784,4250,1896,732,880278,1264303,957,13,501,Reels Feed,13.02,Photography
IG0017060,2025-07-29 09:25:22.954916,Carousel,174010,9631,4134,13487,1681876,2040922,879,25,606,Explore,9.86,Photography
IG0021215,2025-07-31 09:25:22.954916,Carousel,7454,48,3861,8547,493992,502192,1244,8,805,Reels Feed,3.96,Photography
IG0002001,2025-10-29 09:25:22.954916,Carousel,15173,6608,3274,3578,482914,603898,1378,14,236,External,4.74,Photography
IG0023203,2025-07-22 09:25:22.954916,Carousel,20293,1177,3935,10797,1649741,1916729,518,16,882,Hashtags,1.89,Photography
IG0028576,2025-01-02 09:25:22.954916,Carousel,57280,3127,4464,11672,949071,1044361,2024,5,116,Explore,7.33,Photography
IG0029590,2025-05-12 09:25:22.954916,Carousel,37469,3032,2358,11127,423623,791262,810,10,36,External,6.82,Photography
IG0018950,2025-01-20 09:25:22.954916,Carousel,79230,6969,4560,466,1023698,1161193,1109,0,497,Reels Feed,7.86,Photography
IG0024571,2025-04-26 09:25:22.954916,Carousel,112302,2929,4847,8360,1441320,1468720,1252,5,639,Hashtags,8.74,Photography
IG0003234,2025-07-03 09:25:22.954916,Carousel,180884,2291,2977,10040,502483,564593,1947,30,961,Hashtags,34.75,Photography
IG0001754,2025-11-12 09:25:22.954916,Carousel,187416,7473,655,8438,184464,408055,810,6,168,Reels Feed,49.99,Photography
IG0014497,2025-02-24 09:25:22.954916,Carousel,81482,8447,3341,8642,136170,261441,2041,24,771,Explore,38.98,Photography
IG0001984,2025-07-06 09:25:22.954916,Carousel,82999,137,1275,1408,623204,711008,118,9,785,Home Feed,12.07,Technology
IG0001380,2025-09-30 09:25:22.954916,Carousel,51004,9600,1651,2313,491918,625105,1805,15,830,Hashtags,10.33,Technology
IG0017183,2025-01-14 09:25:22.954916,Carousel,167420,9507,2120,11882,1674131,1675181,2063,12,675,Explore,11.4,Technology
IG0025921,2025-02-08 09:25:22.954916,Carousel,21492,6916,4336,3244,1695209,1798403,674,4,22,Hashtags,2.0,Technology
IG0023632,2025-03-26 09:25:22.954916,Carousel,45518,545,4021,2210,1051738,1143787,1795,2,293,Profile,4.57,Technology
IG0016938,2025-01-14 09:25:22.954916,Carousel,70852,4283,531,10759,1800560,2219775,644,26,436,Home Feed,3.89,Technology
IG0011593,2025-10-31 09:25:22.954916,Carousel,127760,1593,1795,7067,1109480,1565539,1348,20,836,External,8.83,Technology
IG0002268,2025-04-15 09:25:22.954916,Carousel,170127,8303,4094,4303,1911491,2103181,276,25,896,Explore,8.88,Technology
IG0014793,2025-09-26 09:25:22.954916,Carousel,40498,3639,3668,14774,895755,1128342,1501,2,18,Profile,5.55,Technology
IG0003645,2025-11-15 09:25:22.954916,Carousel,121965,3762,4755,346,422928,470383,1129,1,205,External,27.81,Technology
IG0006766,2025-05-22 09:25:22.954916,Carousel,116277,4083,4255,11292,509715,739074,1347,16,29,Reels Feed,18.39,Technology
IG0023417,2025-10-14 09:25:22.954916,Carousel,90585,4718,1144,1715,394472,404683,465,27,987,Reels Feed,24.26,Technology
IG0028937,2025-02-07 09:25:22.954916,Carousel,47130,3714,89,13696,266823,611955,260,17,492,External,10.56,Travel
IG0025044,2025-05-08 09:25:22.954916,Carousel,86620,4658,2342,39,787012,859625,310,17,431,Reels Feed,10.9,Travel
IG0003046,2025-11-06 09:25:22.954916,Carousel,69148,8623,4254,14037,684769,782773,1966,4,899,Reels Feed,12.27,Travel
IG0006970,2025-09-09 09:25:22.954916,Carousel,19784,2757,3915,10395,1118927,1206780,1294,17,658,Home Feed,3.05,Travel
IG0020511,2025-07-02 09:25:22.954916,Carousel,34714,246,453,435,928061,1142711,390,5,754,Explore,3.14,Travel
IG0012469,2025-05-24 09:25:22.954916,Carousel,27710,7916,1950,659,940737,1401939,1168,17,287,External,2.73,Travel
IG0003764,2025-01-02 09:25:22.954916,Carousel,44534,624,1811,1620,292156,676255,714,27,514,Reels Feed,7.19,Travel
IG0008338,2025-07-01 09:25:22.954916,Carousel,120401,3340,3045,4021,1524160,1610655,1424,20,593,Reels Feed,8.12,Travel
IG0023565,2025-03-03 09:25:22.954916,Carousel,95468,576,2359,12572,1817090,1887694,1192,2,800,External,5.88,Travel
IG0021320,2025-08-06 09:25:22.954916,Carousel,93404,5470,3211,11659,532663,618286,2110,5,304,Reels Feed,18.4,Travel
IG0016841,2025-02-19 09:25:22.954916,Carousel,142208,3400,2565,9358,30812,81989,1124,29,809,Explore,192.14,Travel
IG0003161,2025-03-22 09:25:22.954916,Carousel,86201,6990,3320,3173,301899,445265,884,0,837,Hashtags,22.39,Travel
IG0003460,2025-01-25 09:25:22.954916,Photo,189423,3118,3052,4076,1613638,1837594,1150,2,336,Home Feed,10.87,Beauty
IG0007596,2025-06-29 09:25:22.954916,Photo,138390,930,550,10797,1411782,1637396,1184,26,775,Home Feed,9.2,Beauty
IG0024936,2025-01-03 09:25:22.954916,Photo,157469,1496,2411,13975,1127825,1605441,2054,22,584,Profile,10.92,Beauty
IG0003978,2024-12-02 09:25:22.954916,Photo,28409,4138,531,2974,1535247,1883971,2048,5,233,Profile,1.91,Beauty
IG0007931,2025-01-07 09:25:22.954916,Photo,21658,2115,2040,7093,1922138,2082984,83,0,822,External,1.58,Beauty
IG0023325,2025-07-17 09:25:22.954916,Photo,15663,677,755,6694,459280,486891,1132,7,840,Profile,4.89,Beauty
IG0018655,2025-05-01 09:25:22.954916,Photo,148258,6201,1044,5875,1555588,1899954,470,13,859,Reels Feed,8.49,Beauty
IG0019798,2025-09-05 09:25:22.954916,Photo,141087,6506,4355,12303,1915528,2362050,141,21,954,Home Feed,6.95,Beauty
IG0014880,2025-02-26 09:25:22.954916,Photo,43042,83,4444,11825,669236,957203,1503,29,642,Hashtags,6.2,Beauty
IG0004486,2025-07-20 09:25:22.954916,Photo,169431,795,65,13686,517672,832316,2159,16,425,Home Feed,22.1,Beauty
IG0009528,2025-04-15 09:25:22.954916,Photo,177884,3375,4144,14782,675947,1129727,1508,14,666,Home Feed,17.72,Beauty
IG0024540,2025-01-30 09:25:22.954916,Photo,153958,8476,1696,11260,431763,538719,2170,12,263,Reels Feed,32.56,Beauty
IG0027763,2024-12-27 09:25:22.954916,Photo,128461,9182,4389,9703,988605,1080666,778,11,958,Explore,14.04,Comedy
IG0006039,2025-01-14 09:25:22.954916,Photo,98723,8824,2116,10221,864703,1066995,409,18,613,Hashtags,11.24,Comedy
IG0016866,2025-02-18 09:25:22.954916,Photo,88735,6858,1132,3333,585112,744776,137,23,806,Profile,13.43,Comedy
IG0001309,2025-10-13 09:25:22.954916,Photo,77439,2412,1071,438,1707779,1807255,1508,28,596,Explore,4.5,Comedy
IG0027980,2025-01-02 09:25:22.954916,Photo,66838,6949,4812,9983,1914645,2230075,108,19,839,Reels Feed,3.97,Comedy
IG0009829,2025-01-04 09:25:22.954916,Photo,10355,7030,317,4264,520452,772211,794,22,261,Hashtags,2.84,Comedy
IG0027102,2025-06-05 09:25:22.954916,Photo,26651,406,2954,8240,869225,1245855,625,15,909,Home Feed,3.07,Comedy
IG0018329,2024-12-02 09:25:22.954916,Photo,71140,5844,4054,14022,757073,1161333,1175,14,785,Home Feed,8.19,Comedy
IG0019420,2025-01-04 09:25:22.954916,Photo,58445,3216,2730,10856,557074,1008038,459,11,491,Explore,7.46,Comedy
IG0011791,2025-06-17 09:25:22.954916,Photo,46510,4067,489,10614,804498,970561,2177,21,762,Hashtags,6.36,Comedy
IG0020267,2025-08-12 09:25:22.954916,Photo,173685,661,1253,10354,119041,173699,1404,18,682,Reels Feed,107.05,Comedy
IG0020616,2025-03-18 09:25:22.954916,Photo,96031,5528,738,97,90005,131188,801,19,365,Profile,78.05,Comedy
IG0026763,2025-08-21 09:25:22.954916,Photo,193700,3035,615,5858,752123,1215632,1472,23,24,Explore,16.72,Comedy
IG0003203,2025-05-04 09:25:22.954916,Photo,179974,9228,4305,13763,1834859,2012992,448,25,336,Hashtags,10.3,Fashion
IG0006635,2024-12-02 09:25:22.954916,Photo,114392,3588,4428,12241,1314534,1452081,1345,13,988,Reels Feed,9.27,Fashion
IG0026262,2025-10-30 09:25:22.954916,Photo,130596,8004,4467,7966,1255508,1535978,1225,27,121,Profile,9.83,Fashion
IG0021810,2025-02-01 09:25:22.954916,Photo,54027,7669,1998,2395,1861125,2052881,1182,11,992,Explore,3.22,Fashion
IG0002005,2025-05-05 09:25:22.954916,Photo,4026,7272,4370,1777,1158820,1371728,1236,1,869,Profile,1.27,Fashion
IG0009213,2025-04-27 09:25:22.954916,Photo,8680,9527,14,11369,669080,688704,99,1,434,Profile,4.3,Fashion
IG0022170,2025-06-05 09:25:22.954916,Photo,94489,7664,4581,6564,1119614,1551440,1206,2,932,Hashtags,7.3,Fashion
IG0017964,2025-02-21 09:25:22.954916,Photo,114016,2972,502,5070,1796387,2229198,1665,9,721,Explore,5.5,Fashion
IG0003320,2025-09-28 09:25:22.954916,Photo,123167,5769,3303,5619,1478320,1815101,444,28,637,Hashtags,7.6,Fashion
IG0027212,2025-03-24 09:25:22.954916,Photo,162939,837,3393,11830,661209,915656,347,26,902,External,19.55,Fashion
IG0027822,2024-12-13 09:25:22.954916,Photo,150148,9318,1515,3740,430524,816939,884,5,402,Hashtags,20.16,Fashion
IG0017284,2025-06-02 09:25:22.954916,Photo,157855,7345,1322,208,286160,350320,536,28,776,Profile,47.59,Fashion
IG0029517,2025-03-10 09:25:22.954916,Photo,140881,2566,313,11358,1085329,1169157,2187,22,122,External,13.27,Fitness
IG0026012,2025-04-02 09:25:22.954916,Photo,58724,5942,806,12688,576411,793881,387,26,637,Home Feed,9.85,Fitness
IG0003101,2025-06-16 09:25:22.954916,Photo,125990,1050,2279,3274,1038251,1222449,2070,3,559,Home Feed,10.85,Fitness
IG0029836,2025-04-03 09:25:22.954916,Photo,12167,8106,1571,5420,363157,609215,1611,28,831,Explore,4.48,Fitness
IG0013872,2025-01-31 09:25:22.954916,Photo,56992,609,2918,7947,1410573,1493336,1105,1,815,Hashtags,4.58,Fitness
IG0010362,2025-03-28 09:25:22.954916,Photo,34095,9765,2835,8500,1406587,1706067,1948,16,559,Hashtags,3.24,Fitness
IG0020832,2025-05-19 09:25:22.954916,Photo,112559,3442,1564,12909,1847472,2271130,1093,7,288,Reels Feed,5.74,Fitness
IG0016379,2025-10-13 09:25:22.954916,Photo,102450,1790,677,5255,745196,1205234,761,2,638,Explore,9.14,Fitness
IG0002869,2025-03-13 09:25:22.954916,Photo,55599,6218,4624,10930,1416503,1420758,521,5,519,Hashtags,5.45,Fitness
IG0005193,2024-12-31 09:25:22.954916,Photo,107006,8011,2193,6724,16865,192293,1450,29,320,Hashtags,64.45,Fitness
IG0010715,2025-07-01 09:25:22.954916,Photo,131994,3275,4914,13544,407189,504156,416,6,484,Hashtags,30.49,Fitness
IG0024648,2025-10-29 09:25:22.954916,Photo,95139,8283,3033,798,381669,671648,831,4,443,Reels Feed,15.97,Fitness
IG0018443,2025-09-06 09:25:22.954916,Photo,159208,9802,537,1157,1141112,1283111,897,9,202,Hashtags,13.3,Food
IG0020293,2025-05-29 09:25:22.954916,Photo,121951,7277,3094,11888,916682,1353186,575,2,362,Profile,10.66,Food
IG0012615,2025-03-19 09:25:22.954916,Photo,68942,9436,982,4133,693530,784100,154,6,850,External,10.65,Food
IG0025061,2025-08-08 09:25:22.954916,Photo,130721,4035,1412,13279,1325233,1546389,1357,12,389,Profile,9.66,Food
IG0003376,2025-10-17 09:25:22.954916,Photo,17139,6295,4243,11016,300545,746258,1757,18,885,Reels Feed,5.18,Food
IG0007979,2025-04-18 09:25:22.954916,Photo,29050,6091,3511,11673,1975528,2300408,1974,14,529,Reels Feed,2.19,Food
IG0025597,2025-05-04 09:25:22.954916,Photo,31441,2111,3736,14279,1031901,1462841,169,18,690,Explore,3.53,Food
IG0002235,2025-10-31 09:25:22.954916,Photo,28297,8700,4899,14982,838318,950684,1724,8,30,External,5.98,Food
IG0001419,2025-08-28 09:25:22.954916,Photo,67811,2195,437,7882,1073300,1281905,896,8,243,Hashtags,6.11,Food
IG0015451,2025-07-07 09:25:22.954916,Photo,128297,6772,1321,6895,1245732,1590747,1030,7,961,External,9.01,Food
IG0026895,2025-03-13 09:25:22.954916,Photo,75165,1326,4957,924,9454,127399,1616,7,583,Reels Feed,64.66,Food
IG0025322,2025-08-30 09:25:22.954916,Photo,184978,2082,4592,12269,425391,539068,1778,21,151,Hashtags,37.83,Food
IG0017747,2025-03-15 09:25:22.954916,Photo,164437,1440,3516,5018,430075,732335,375,17,352,Home Feed,23.82,Food
IG0003535,2025-08-20 09:25:22.954916,Photo,142552,3702,873,8943,672256,1021209,109,12,638,Reels Feed,15.28,Lifestyle
IG0007411,2025-07-08 09:25:22.954916,Photo,140564,5323,746,1622,858069,981280,1466,11,922,Hashtags,15.11,Lifestyle
IG0025832,2025-05-07 09:25:22.954916,Photo,59447,2642,4846,13625,431277,619388,980,3,857,Explore,13.01,Lifestyle
IG0003147,2025-09-02 09:25:22.954916,Photo,48149,9509,1728,10762,1040081,1381203,185,20,263,Reels Feed,5.08,Lifestyle
IG0005416,2025-05-22 09:25:22.954916,Photo,3988,7577,294,3271,279295,676723,470,29,591,Explore,2.24,Lifestyle
IG0024127,2025-05-26 09:25:22.954916,Photo,62342,4783,2738,10253,1959127,1981900,638,26,179,External,4.04,Lifestyle
IG0019446,2025-03-18 09:25:22.954916,Photo,103732,5363,2421,3696,1242469,1292774,386,12,957,Profile,8.91,Lifestyle
IG0002023,2025-11-15 09:25:22.954916,Photo,56134,9675,2106,6288,1042081,1301152,182,1,873,Hashtags,5.7,Lifestyle
IG0022979,2025-10-20 09:25:22.954916,Photo,56227,1286,1288,13919,629928,985321,1793,19,480,Profile,7.38,Lifestyle
IG0021321,2025-02-23 09:25:22.954916,Photo,72557,5389,1226,3841,91845,119934,604,23,822,Home Feed,69.22,Lifestyle
IG0018366,2025-01-14 09:25:22.954916,Photo,106596,6512,2964,9268,164970,616735,113,19,260,Reels Feed,20.32,Lifestyle
IG0002601,2024-11-26 09:25:22.954916,Photo,179634,201,4554,4885,546149,862248,1997,0,89,External,21.95,Lifestyle
IG0022064,2025-06-27 09:25:22.954916,Photo,148775,4267,2379,5564,955431,1293671,1593,10,794,Reels Feed,12.44,Music
IG0002786,2024-11-29 09:25:22.954916,Photo,178066,9988,491,12180,1356002,1408299,1827,17,64,External,14.25,Music
IG0024449,2025-08-10 09:25:22.954916,Photo,184773,1788,2395,8950,1499716,1820721,1236,26,316,Explore,10.87,Music
IG0003067,2025-02-10 09:25:22.954916,Photo,15726,5997,845,14544,445484,914223,1620,8,94,Explore,4.06,Music
IG0007696,2025-07-01 09:25:22.954916,Photo,18298,2399,905,4976,1159934,1628395,671,2,146,Explore,1.63,Music
IG0026566,2025-08-14 09:25:22.954916,Photo,87718,8416,3984,210,1866622,2200557,1972,5,623,Hashtags,4.56,Music
IG0014227,2025-02-10 09:25:22.954916,Photo,67834,3758,3773,8413,974439,1208382,574,24,568,Reels Feed,6.93,Music
IG0001906,2025-04-09 09:25:22.954916,Photo,122230,6387,350,11663,1481738,1674504,280,7,6,Profile,8.4,Music
IG0004618,2025-08-28 09:25:22.954916,Photo,136247,7602,2761,1191,1947834,2349975,1843,20,441,Explore,6.29,Music
IG0015133,2025-09-18 09:25:22.954916,Photo,160715,1484,2010,13638,336669,679714,49,7,210,Profile,26.16,Music
IG0024999,2025-01-13 09:25:22.954916,Photo,138167,8936,366,12076,314789,752445,580,3,233,Explore,21.2,Music
IG0026858,2025-11-17 09:25:22.954916,Photo,196065,6696,2708,3525,1141050,1296462,61,14,728,Home Feed,16.12,Music
IG0022395,2025-01-19 09:25:22.954916,Photo,113298,5676,3659,1934,817193,1202517,1547,9,552,Hashtags,10.36,Photography
IG0002971,2025-08-28 09:25:22.954916,Photo,117717,6187,4822,7247,785476,1148271,1185,27,546,Hashtags,11.84,Photography
IG0025166,2025-09-27 09:25:22.954916,Photo,129696,675,4170,13964,943949,1280067,283,1,700,Reels Feed,11.6,Photography
IG0013235,2025-07-30 09:25:22.954916,Photo,5491,9380,1468,9963,1494901,1705463,385,2,963,Profile,1.54,Photography
IG0002052,2025-02-14 09:25:22.954916,Photo,57406,3681,4327,4811,1370567,1525967,155,28,816,Hashtags,4.6,Photography
IG0016588,2025-04-27 09:25:22.954916,Photo,12601,3436,1272,10527,903766,1042127,728,9,946,Explore,2.67,Photography
IG0015953,2025-08-04 09:25:22.954916,Photo,131962,2107,526,9825,1987393,2243177,2077,26,302,Profile,6.44,Photography
IG0008891,2025-09-13 09:25:22.954916,Photo,63668,9122,2824,8380,825968,1031754,1017,22,194,Reels Feed,8.14,Photography
IG0009054,2025-05-21 09:25:22.954916,Photo,184751,5299,3774,8557,1904958,2243061,913,4,20,Hashtags,9.02,Photography
IG0021452,2025-06-28 09:25:22.954916,Photo,194498,61,1715,14553,823037,1136815,710,5,388,Profile,18.55,Photography
IG0003185,2025-02-23 09:25:22.954916,Photo,165556,1001,311,11460,827979,905523,1935,23,649,External,19.69,Photography
IG0024227,2025-07-03 09:25:22.954916,Photo,65713,6862,1700,10006,315861,402605,141,16,693,Explore,20.93,Photography
IG0004257,2025-01-31 09:25:22.954916,Photo,161536,699,3541,5638,1498140,1773896,1429,4,136,Reels Feed,9.66,Technology
IG0008589,2025-03-10 09:25:22.954916,Photo,124301,209,2359,9436,1069149,1198417,1087,24,583,Explore,11.37,Technology
IG0024714,2025-07-29 09:25:22.954916,Photo,61420,3643,2496,7755,646787,811970,558,9,41,Profile,9.28,Technology
IG0011919,2025-11-16 09:25:22.954916,Photo,43950,8212,4468,8742,1993463,2432847,813,10,613,External,2.69,Technology
IG0023772,2025-02-12 09:25:22.954916,Photo,25997,1075,3677,3936,758909,1168886,1404,27,637,Explore,2.97,Technology
IG0025983,2025-06-25 09:25:22.954916,Photo,71898,125,1369,1280,1277369,1477843,1327,24,917,External,5.05,Technology
IG0029646,2025-01-03 09:25:22.954916,Photo,156954,621,1909,10767,1748125,2164783,351,15,17,Reels Feed,7.86,Technology
IG0012269,2025-09-20 09:25:22.954916,Photo,68373,272,1687,515,806146,1028840,1888,17,696,Reels Feed,6.89,Technology
IG0009341,2025-07-09 09:25:22.954916,Photo,145527,1463,941,11330,1780792,2258959,358,16,157,Profile,7.05,Technology
IG0018763,2024-11-25 09:25:22.954916,Photo,116850,7750,2100,3598,3167,407007,1044,10,292,Reels Feed,32.01,Technology
IG0021447,2025-04-19 09:25:22.954916,Photo,161512,4172,1121,14794,524278,735523,1100,23,184,Profile,24.69,Technology
IG0013996,2025-03-29 09:25:22.954916,Photo,129152,6661,4695,9549,456441,707109,466,25,654,Explore,21.22,Technology
IG0025912,2025-09-05 09:25:22.954916,Photo,52307,5429,3598,801,228091,272015,1959,4,767,Reels Feed,22.84,Technology
IG0017845,2025-03-28 09:25:22.954916,Photo,71968,9468,768,6469,703995,913603,1823,2,989,Hashtags,9.71,Travel
IG0025961,2025-06-05 09:25:22.954916,Photo,109113,4445,4883,9967,476406,933697,584,21,330,Explore,13.75,Travel
IG0026615,2025-04-10 09:25:22.954916,Photo,58589,5667,4264,9067,751498,766499,30,26,356,Profile,10.12,Travel
IG0019369,2025-08-11 09:25:22.954916,Photo,75082,3008,235,2282,1357574,1712326,1458,1,733,Home Feed,4.71,Travel
IG0010552,2025-05-30 09:25:22.954916,Photo,19246,2763,1192,4408,1245188,1279447,1355,24,359,Reels Feed,2.16,Travel
IG0010954,2025-06-18 09:25:22.954916,Photo,72231,6948,2784,1668,1966211,2167206,161,20,385,Hashtags,3.86,Travel
IG0002972,2025-06-15 09:25:22.954916,Photo,164950,120,3998,13,1564217,1872972,1500,16,592,Home Feed,9.03,Travel
IG0006536,2025-11-13 09:25:22.954916,Photo,111086,2497,1349,14717,1005546,1481557,1094,3,958,Hashtags,8.75,Travel
IG0024428,2025-09-09 09:25:22.954916,Photo,130238,760,137,4915,1572437,1922831,81,10,611,Reels Feed,7.08,Travel
IG0014248,2025-01-31 09:25:22.954916,Photo,180580,5284,4277,660,693689,926051,604,17,820,External,20.6,Travel
IG0027735,2024-12-23 09:25:22.954916,Photo,83167,8233,2527,12596,33148,436464,728,9,247,Home Feed,24.41,Travel
IG0023130,2025-06-07 09:25:22.954916,Photo,150392,440,4818,9857,208659,425245,1639,11,665,Reels Feed,38.92,Travel
IG0002276,2025-01-05 09:25:22.954916,Reel,17313,5980,1277,3134,152238,293998,668,30,404,Reels Feed,9.42,Beauty
IG0001311,2025-08-08 09:25:22.954916,Reel,189566,9570,4461,3522,1189722,1547095,1255,27,638,Home Feed,13.39,Beauty
IG0019217,2025-02-10 09:25:22.954916,Reel,72410,5582,1684,9140,362367,730761,488,28,522,External,12.15,Beauty
IG0027296,2025-08-27 09:25:22.954916,Reel,64044,462,4030,3136,1725854,2013595,1128,2,896,Profile,3.56,Beauty
IG0026098,2025-01-16 09:25:22.954916,Reel,41604,7570,3388,11245,841003,1253603,900,0,535,External,5.09,Beauty
IG0020092,2024-11-26 09:25:22.954916,Reel,2235,973,466,7048,1801648,2020166,1476,11,5,External,0.53,Beauty
IG0012679,2024-12-07 09:25:22.954916,Reel,111213,2272,419,12948,1792951,2109839,760,30,757,Reels Feed,6.01,Beauty
IG0001829,2025-11-09 09:25:22.954916,Reel,136702,981,1522,4534,1659021,1801515,1299,27,279,Home Feed,7.98,Beauty
IG0017348,2025-11-14 09:25:22.954916,Reel,71762,8588,856,11753,751491,1229754,1355,13,40,Reels Feed,7.56,Beauty
IG0020320,2025-06-23 09:25:22.954916,Reel,77119,6575,1090,8564,280974,463746,1840,27,115,Home Feed,20.13,Beauty
IG0017561,2025-04-07 09:25:22.954916,Reel,123305,3610,4935,10622,43014,449512,666,1,965,Hashtags,31.69,Beauty
IG0002148,2025-04-19 09:25:22.954916,Reel,31881,4496,3304,8046,27317,90599,717,14,701,Hashtags,52.68,Beauty
IG0004785,2025-01-17 09:25:22.954916,Reel,168476,1533,362,7381,1097312,1596731,11,5,254,Explore,11.13,Comedy
IG0008226,2025-03-20 09:25:22.954916,Reel,36643,6292,206,4622,142258,367185,2008,28,458,Reels Feed,13.01,Comedy
IG0023410,2025-06-12 09:25:22.954916,Reel,107465,82,4436,5071,989940,1190069,1480,17,334,Reels Feed,9.84,Comedy
IG0020285,2025-04-05 09:25:22.954916,Reel,9420,708,1467,11253,940146,1419503,1844,13,510,Explore,1.61,Comedy
IG0002775,2025-04-08 09:25:22.954916,Reel,9980,7892,4653,10340,1495061,1800229,1121,17,490,Home Feed,1.83,Comedy
IG0023604,2025-03-31 09:25:22.954916,Reel,77040,801,2990,3364,1728551,2066611,1273,21,274,Hashtags,4.07,Comedy
IG0029678,2024-12-27 09:25:22.954916,Reel,156883,5023,2082,10287,1575842,2038443,1848,12,292,Explore,8.55,Comedy
IG0027542,2025-07-28 09:25:22.954916,Reel,22843,3098,1108,13161,401352,557097,373,0,219,External,7.22,Comedy
IG0002810,2025-04-26 09:25:22.954916,Reel,87304,7473,2300,10120,1125540,1382975,1464,2,797,Explore,7.75,Comedy
IG0025356,2025-08-20 09:25:22.954916,Reel,122796,5961,3501,13595,80902,218513,1906,21,995,Home Feed,66.75,Comedy
IG0013608,2025-11-18 09:25:22.954916,Reel,154172,4158,1223,1737,576966,807095,43,9,541,Profile,19.98,Comedy
IG0026075,2025-02-12 09:25:22.954916,Reel,156387,8384,888,2484,11693,50716,1141,7,725,Explore,331.54,Comedy
IG0002908,2025-06-03 09:25:22.954916,Reel,194923,8614,641,7389,1768408,2261176,1892,8,376,Reels Feed,9.36,Fashion
IG0001576,2025-08-19 09:25:22.954916,Reel,168041,2867,4820,3015,1275655,1314515,1175,25,646,Home Feed,13.6,Fashion
IG0018832,2025-02-01 09:25:22.954916,Reel,151091,480,3178,7385,894598,1299065,2145,9,280,Profile,12.48,Fashion
IG0029021,2025-03-10 09:25:22.954916,Reel,25145,7084,4137,13886,1162206,1566589,1800,30,641,Explore,3.21,Fashion
IG0026547,2025-01-08 09:25:22.954916,Reel,30483,8311,4257,44,1457984,1804439,527,5,550,Profile,2.39,Fashion
IG0002990,2025-10-29 09:25:22.954916,Reel,86231,2998,16,9579,1776450,2091749,1378,27,654,Explore,4.72,Fashion
IG0023497,2025-02-26 09:25:22.954916,Reel,113129,4486,2124,5235,1977732,2404552,1357,17,896,External,5.2,Fashion
IG0007029,2025-04-12 09:25:22.954916,Reel,8854,8301,958,10753,137974,534240,1042,19,18,Explore,5.4,Fashion
IG0019677,2025-11-15 09:25:22.954916,Reel,108344,3130,2338,10941,1686251,2142811,1648,20,426,Profile,5.82,Fashion
IG0008865,2025-04-16 09:25:22.954916,Reel,59628,4063,1309,13441,2428,187165,1563,17,127,Profile,41.91,Fashion
IG0016467,2025-01-18 09:25:22.954916,Reel,61936,3149,4060,6862,200366,236818,736,2,807,Explore,32.1,Fashion
IG0001835,2025-11-04 09:25:22.954916,Reel,141480,5843,4156,5104,730399,808246,2077,8,349,Profile,19.37,Fashion
IG0003411,2025-05-02 09:25:22.954916,Reel,175457,1111,3180,1697,1754346,1903817,1800,5,16,Explore,9.53,Fitness
IG0006090,2025-03-27 09:25:22.954916,Reel,162297,5585,960,13851,1250701,1468104,604,25,400,Explore,12.44,Fitness
IG0025221,2025-02-14 09:25:22.954916,Reel,110202,5161,2026,12225,768201,872963,704,10,957,Reels Feed,14.85,Fitness
IG0021342,2025-03-26 09:25:22.954916,Reel,15381,2822,814,3423,1761671,1994741,158,27,364,Profile,1.12,Fitness
IG0017109,2025-04-29 09:25:22.954916,Reel,64928,5305,3193,6000,1499886,1699849,1489,15,273,Hashtags,4.67,Fitness
IG0002420,2024-12-27 09:25:22.954916,Reel,1372,3434,4585,10821,1386394,1723993,190,3,560,External,1.17,Fitness
IG0011610,2025-07-28 09:25:22.954916,Reel,114474,6656,1683,13685,1574190,1743856,1049,17,248,Profile,7.83,Fitness
IG0002583,2025-07-05 09:25:22.954916,Reel,97228,4272,3276,2009,1836518,2023649,42,26,680,Reels Feed,5.28,Fitness
IG0016305,2024-12-10 09:25:22.954916,Reel,104972,6098,3960,6551,1106150,1525146,513,16,910,External,7.97,Fitness
IG0012675,2025-06-19 09:25:22.954916,Reel,191089,4790,784,650,301033,676099,131,0,913,Profile,29.18,Fitness
IG0002541,2025-06-02 09:25:22.954916,Reel,106427,9658,4681,6312,298649,361885,1866,14,260,External,35.12,Fitness
IG0010205,2025-06-19 09:25:22.954916,Reel,151762,1071,2977,14258,639590,966974,384,1,98,Reels Feed,17.59,Fitness
IG0020710,2025-05-10 09:25:22.954916,Reel,127938,1147,146,3540,587284,926395,1820,21,363,Home Feed,14.33,Food
IG0013694,2025-10-03 09:25:22.954916,Reel,96615,7451,1475,13919,894087,983726,627,16,561,Explore,12.14,Food
IG0029782,2025-10-02 09:25:22.954916,Reel,134537,9359,1076,5202,1177907,1269836,1086,6,742,External,11.83,Food
IG0029795,2024-11-28 09:25:22.954916,Reel,124177,8843,4584,11620,1252141,1454432,1189,12,212,Reels Feed,10.26,Food
IG0003313,2025-06-09 09:25:22.954916,Reel,24314,3665,218,2228,1625706,2123097,1976,5,78,External,1.43,Food
IG0007147,2025-07-16 09:25:22.954916,Reel,3685,5570,1385,681,1899323,2139571,1008,9,96,Hashtags,0.53,Food
IG0025562,2025-03-06 09:25:22.954916,Reel,1025,2396,430,12685,516259,544101,0,1,127,Reels Feed,3.04,Food
IG0003572,2025-08-12 09:25:22.954916,Reel,163787,8108,4800,7435,1994235,2124951,324,16,720,Hashtags,8.67,Food
IG0008463,2025-06-27 09:25:22.954916,Reel,107762,9755,4221,10111,1718698,2033015,283,4,18,Explore,6.49,Food
IG0025040,2024-12-21 09:25:22.954916,Reel,109353,5854,4462,5119,1571294,1625279,220,0,457,Hashtags,7.68,Food
IG0002388,2025-10-22 09:25:22.954916,Reel,139459,5940,823,12638,767038,818540,718,8,468,Profile,19.41,Food
IG0001430,2025-05-05 09:25:22.954916,Reel,164771,4993,4126,8023,490387,793563,1917,5,486,Reels Feed,22.92,Food
IG0013623,2025-08-01 09:25:22.954916,Reel,117399,791,2876,5211,773059,799942,1867,9,384,Hashtags,15.79,Food
IG0017691,2025-01-23 09:25:22.954916,Reel,193535,4185,3028,8248,1432651,1874515,543,8,311,Profile,11.15,Lifestyle
IG0008230,2025-08-06 09:25:22.954916,Reel,131933,583,4534,8518,1242486,1286795,1708,13,824,Hashtags,11.31,Lifestyle
IG0008282,2025-05-08 09:25:22.954916,Reel,86505,1561,3480,14121,730886,1129355,1436,0,287,Explore,9.36,Lifestyle
IG0019598,2025-01-25 09:25:22.954916,Reel,46036,6173,1093,9491,1645182,2080599,295,0,870,Home Feed,3.02,Lifestyle
IG0024817,2025-06-26 09:25:22.954916,Reel,848,7165,2901,3313,861883,1016793,1098,8,485,Reels Feed,1.4,Lifestyle
IG0015680,2025-02-26 09:25:22.954916,Reel,41734,4833,2789,424,1685528,2168366,701,21,617,External,2.3,Lifestyle
IG0028400,2025-11-04 09:25:22.954916,Reel,68135,9018,1023,8291,956120,1282206,38,2,942,Profile,6.74,Lifestyle
IG0026160,2025-03-17 09:25:22.954916,Reel,48933,4374,4326,6036,660496,1118064,544,26,556,Hashtags,5.69,Lifestyle
IG0002629,2025-04-11 09:25:22.954916,Reel,143673,7263,118,6321,1973361,2236197,1031,10,886,Reels Feed,7.04,Lifestyle
IG0029354,2025-06-15 09:25:22.954916,Reel,187264,2781,671,6644,771447,1059950,247,27,31,Explore,18.62,Lifestyle
IG0025039,2024-12-25 09:25:22.954916,Reel,139084,2960,3312,5854,552802,953549,839,12,109,Reels Feed,15.86,Lifestyle
IG0002864,2024-11-27 09:25:22.954916,Reel,138441,7596,4530,9567,832243,922545,1377,3,962,Home Feed,17.36,Lifestyle
IG0022689,2025-03-29 09:25:22.954916,Reel,178213,6690,975,14580,1010305,1441945,1410,11,831,Hashtags,13.9,Music
IG0019848,2025-03-07 09:25:22.954916,Reel,72038,5488,1336,4116,444920,693535,1213,18,636,Hashtags,11.96,Music
IG0002664,2025-01-02 09:25:22.954916,Reel,134288,1955,2316,7276,1043574,1097145,894,19,96,Reels Feed,13.29,Music
IG0020167,2025-11-07 09:25:22.954916,Reel,46116,706,3234,8188,1293032,1698672,1968,17,369,Explore,3.43,Music
IG0002571,2024-12-29 09:25:22.954916,Reel,29922,1151,4185,14228,1884359,2144395,792,24,983,Reels Feed,2.31,Music
IG0024315,2025-03-30 09:25:22.954916,Reel,33877,842,1646,13682,967092,994424,1522,2,296,Home Feed,5.03,Music
IG0029807,2025-02-17 09:25:22.954916,Reel,140356,2263,2677,7821,1245090,1703835,1591,8,285,Hashtags,8.99,Music
IG0013309,2025-07-11 09:25:22.954916,Reel,72744,426,1793,3528,1014662,1499205,961,13,367,Profile,5.24,Music
IG0009782,2025-08-10 09:25:22.954916,Reel,71233,1267,2462,14485,1529069,1636231,1334,16,356,Hashtags,5.47,Music
IG0002844,2024-12-07 09:25:22.954916,Reel,92138,251,4197,14204,654901,703649,1502,15,843,Profile,15.75,Music
IG0006631,2025-08-29 09:25:22.954916,Reel,167982,9294,3589,10503,181797,566991,1399,2,175,Reels Feed,33.75,Music
IG0026241,2025-02-17 09:25:22.954916,Reel,186582,5499,4566,14786,380580,871342,1817,25,217,External,24.27,Music
IG0018380,2025-04-08 09:25:22.954916,Reel,101418,3586,4834,414,713092,1039752,1778,28,414,Home Feed,10.6,Photography
IG0024015,2024-12-29 09:25:22.954916,Reel,64905,9262,2876,5418,561147,746625,1551,10,99,Home Feed,11.04,Photography
IG0013946,2025-07-26 09:25:22.954916,Reel,186677,5199,1986,14404,1393607,1659121,121,24,825,External,12.55,Photography
IG0018866,2025-01-08 09:25:22.954916,Reel,35806,2629,4967,2689,1703945,1822890,1983,3,12,Hashtags,2.53,Photography
IG0024736,2025-01-25 09:25:22.954916,Reel,51607,8970,282,2408,1467647,1965635,647,3,697,Explore,3.22,Photography
IG0015305,2025-03-22 09:25:22.954916,Reel,47335,2473,1057,882,1909994,2034949,1210,3,236,Home Feed,2.54,Photography
IG0012007,2025-04-14 09:25:22.954916,Reel,122565,44,2455,11900,1733262,1980271,963,28,832,Profile,6.92,Photography
IG0002117,2024-12-02 09:25:22.954916,Reel,85023,1892,1682,7456,1486619,1508052,907,18,616,Explore,6.37,Photography
IG0016710,2025-10-15 09:25:22.954916,Reel,155601,7406,2974,4901,1732786,2057429,638,1,240,Reels Feed,8.31,Photography
IG0013579,2025-07-02 09:25:22.954916,Reel,94171,5762,3938,6406,629066,637322,844,11,871,Profile,17.3,Photography
IG0002402,2025-07-09 09:25:22.954916,Reel,179130,1872,2092,4779,982405,1020636,1381,17,968,Explore,18.41,Photography
IG0005054,2025-04-12 09:25:22.954916,Reel,104102,8753,943,4403,87060,318842,117,26,925,Hashtags,37.07,Photography
IG0024114,2025-06-11 09:25:22.954916,Reel,167882,1539,4384,1417,1333826,1772783,260,11,814,Explore,9.88,Technology
IG0005949,2025-05-23 09:25:22.954916,Reel,155710,4047,210,2656,1559441,1562320,1886,1,4,Profile,10.41,Technology
IG0021364,2025-02-04 09:25:22.954916,Reel,150148,8022,3372,6782,1503308,1562415,1527,26,457,Hashtags,10.77,Technology
IG0002511,2025-03-10 09:25:22.954916,Reel,6813,6310,3777,9169,948578,1128030,1503,12,221,Profile,2.31,Technology
IG0001904,2025-07-27 09:25:22.954916,Reel,9125,2758,597,8424,1434192,1834656,2040,24,830,Reels Feed,1.14,Technology
IG0015670,2025-03-23 09:25:22.954916,Reel,10586,3980,2516,11159,459781,670357,1162,6,460,Reels Feed,4.21,Technology
IG0029648,2025-07-31 09:25:22.954916,Reel,10803,260,1895,8814,372641,416649,1726,28,642,Explore,5.23,Technology
IG0026808,2025-08-24 09:25:22.954916,Reel,68176,1319,859,12484,806109,1224674,548,19,801,Hashtags,6.76,Technology
IG0003807,2025-08-21 09:25:22.954916,Reel,866,5699,1262,3666,157336,217589,1554,22,345,Reels Feed,5.28,Technology
IG0003327,2025-06-30 09:25:22.954916,Reel,197069,3623,1168,6645,453374,613184,870,9,634,Explore,34.0,Technology
IG0006919,2025-04-30 09:25:22.954916,Reel,73563,4884,514,14843,3955,131058,608,21,205,External,71.57,Technology
IG0025930,2024-12-09 09:25:22.954916,Reel,187066,9541,3769,1263,700007,953110,1491,11,312,Home Feed,21.16,Technology
IG0029489,2025-05-21 09:25:22.954916,Reel,131048,8693,3441,12022,1454844,1685565,1264,3,417,External,9.21,Travel
IG0026072,2025-09-27 09:25:22.954916,Reel,93437,8158,2282,2756,850444,1115680,942,1,459,Reels Feed,9.56,Travel
IG0003889,2025-09-29 09:25:22.954916,Reel,135058,5837,1559,1574,593122,1062175,1442,14,926,Reels Feed,13.56,Travel
IG0021540,2025-11-10 09:25:22.954916,Reel,53942,8790,4288,9384,1760926,2025310,884,5,319,Reels Feed,3.77,Travel
IG0017835,2025-10-27 09:25:22.954916,Reel,13066,2480,3679,515,943901,952615,1527,20,691,Home Feed,2.07,Travel
IG0001703,2025-07-12 09:25:22.954916,Reel,8228,1813,2795,70,1032318,1264145,1041,4,409,Profile,1.02,Travel
IG0002640,2025-11-14 09:25:22.954916,Reel,95811,1169,653,5386,1532188,1788084,1936,17,799,Home Feed,5.76,Travel
IG0005880,2024-11-25 09:25:22.954916,Reel,100630,753,1949,10474,1070657,1324537,1701,11,9,Explore,8.59,Travel
IG0025630,2025-04-25 09:25:22.954916,Reel,139968,7235,945,3034,1915275,2207968,1847,9,535,Explore,6.85,Travel
IG0026165,2025-04-27 09:25:22.954916,Reel,108158,5924,3279,1822,566515,724156,1323,6,947,Profile,16.46,Travel
IG0024234,2025-08-01 09:25:22.954916,Reel,144374,6172,3981,13772,399545,776118,104,25,965,Hashtags,21.68,Travel
IG0017156,2025-11-14 09:25:22.954916,Reel,187496,1559,3938,1300,79532,192606,1270,28,391,Profile,100.88,Travel
IG0003960,2025-07-08 09:25:22.954916,Video,192183,4245,4863,5377,1367363,1442330,1170,30,459,External,14.33,Beauty
IG0008050,2025-08-30 09:25:22.954916,Video,115428,6097,624,6643,1035764,1249200,222,30,142,Home Feed,10.31,Beauty
IG0026228,2025-06-23 09:25:22.954916,Video,186926,4323,645,2023,1378864,1559146,705,22,726,Home Feed,12.44,Beauty
IG0010901,2025-02-24 09:25:22.954916,Video,9690,6914,3967,8932,349040,837487,2124,14,396,Home Feed,3.52,Beauty
IG0016619,2025-07-25 09:25:22.954916,Video,52021,9251,4881,1896,1971387,2175325,1935,23,368,Profile,3.13,Beauty
IG0003577,2025-04-12 09:25:22.954916,Video,48002,6217,1779,6264,1769935,2211567,3,14,703,External,2.82,Beauty
IG0027188,2025-05-18 09:25:22.954916,Video,44154,8797,545,6241,562974,1048376,1903,26,100,Explore,5.7,Beauty
IG0023904,2025-01-30 09:25:22.954916,Video,59228,6022,2497,2629,716406,934067,543,20,875,Explore,7.53,Beauty
IG0015727,2024-12-07 09:25:22.954916,Video,151870,9869,3082,13589,1865927,2228267,898,4,908,Explore,8.01,Beauty
IG0003210,2025-07-11 09:25:22.954916,Video,129282,9937,1443,4354,390681,410972,1331,22,595,Explore,35.29,Beauty
IG0007571,2025-05-03 09:25:22.954916,Video,163535,7068,2038,9092,247247,717171,34,25,413,Reels Feed,25.34,Beauty
IG0024138,2024-11-25 09:25:22.954916,Video,148161,9112,1579,9279,298867,577209,1666,20,75,Reels Feed,29.13,Beauty
IG0007630,2025-03-21 09:25:22.954916,Video,188627,7555,2555,8204,1848915,1962359,873,21,864,Explore,10.55,Comedy
IG0022105,2025-01-24 09:25:22.954916,Video,110319,2849,3465,8366,1147874,1291104,1691,10,958,Reels Feed,9.68,Comedy
IG0012934,2025-09-08 09:25:22.954916,Video,60034,4745,2479,11889,208102,550896,1743,13,918,Explore,14.37,Comedy
IG0002579,2025-01-24 09:25:22.954916,Video,29855,9322,1711,4125,1118849,1421930,443,1,973,Explore,3.17,Comedy
IG0001603,2025-03-10 09:25:22.954916,Video,10683,7171,1537,2022,964800,1213953,1764,10,598,External,1.76,Comedy
IG0016736,2025-09-08 09:25:22.954916,Video,16888,33,1454,9302,1267641,1615137,1795,17,850,Hashtags,1.71,Comedy
IG0014625,2025-08-20 09:25:22.954916,Video,106206,7893,2832,12325,1948846,2267699,1595,27,189,External,5.7,Comedy
IG0001659,2024-12-20 09:25:22.954916,Video,130674,2360,1909,560,1100599,1561485,1633,23,437,Hashtags,8.68,Comedy
IG0003002,2025-05-24 09:25:22.954916,Video,100286,6616,1313,14575,937837,1410373,1873,25,42,Home Feed,8.71,Comedy
IG0026320,2025-05-18 09:25:22.954916,Video,197856,3473,4279,6001,1251598,1349001,1683,9,417,Home Feed,15.69,Comedy
IG0023623,2025-04-10 09:25:22.954916,Video,196488,780,4553,675,232637,649229,2161,16,18,Hashtags,31.19,Comedy
IG0016708,2025-09-09 09:25:22.954916,Video,136336,8780,1325,5157,329066,645329,249,11,527,Home Feed,23.49,Comedy
IG0027403,2025-08-05 09:25:22.954916,Video,143066,7712,2714,5270,970558,1125688,425,30,747,Explore,14.1,Fashion
IG0026252,2025-03-22 09:25:22.954916,Video,151998,120,2216,6930,979675,1031568,463,1,222,Reels Feed,15.63,Fashion
IG0018847,2025-03-12 09:25:22.954916,Video,66293,3556,3165,12338,681933,825368,1820,15,68,Reels Feed,10.34,Fashion
IG0002852,2024-11-24 09:25:22.954916,Video,21738,8874,1096,3088,1927183,1946872,607,10,988,Hashtags,1.79,Fashion
IG0006420,2025-08-10 09:25:22.954916,Video,51160,8953,547,165,1755956,2150835,1318,9,498,Reels Feed,2.83,Fashion
IG0024930,2025-11-11 09:25:22.954916,Video,4922,7351,1269,745,410277,739191,772,17,161,Hashtags,1.93,Fashion
IG0012307,2025-06-26 09:25:22.954916,Video,84579,9339,810,8936,1620456,1633359,208,1,410,External,6.35,Fashion
IG0001450,2025-06-09 09:25:22.954916,Video,107321,4092,136,1241,1758996,1817748,1709,14,772,Profile,6.2,Fashion
IG0002884,2025-09-21 09:25:22.954916,Video,111994,1882,1223,11757,1272993,1611371,887,10,98,Explore,7.87,Fashion
IG0010524,2024-11-22 09:25:22.954916,Video,130713,468,4059,2160,81283,336883,2174,26,481,External,40.79,Fashion
IG0018791,2025-04-21 09:25:22.954916,Video,138011,3495,4617,7192,76507,110953,1006,21,780,Reels Feed,138.18,Fashion
IG0002324,2025-05-07 09:25:22.954916,Video,77402,2766,4248,11855,4396,293201,2081,8,609,Hashtags,32.83,Fashion
IG0019292,2025-08-31 09:25:22.954916,Video,70511,9051,2645,8216,827566,828540,1377,13,630,External,10.91,Fitness
IG0010187,2025-05-20 09:25:22.954916,Video,48308,7568,1822,9101,415157,514112,662,29,465,Home Feed,12.99,Fitness
IG0010339,2025-05-17 09:25:22.954916,Video,150575,6067,3398,8157,1031188,1161630,1822,29,245,Hashtags,14.48,Fitness
IG0001538,2025-03-29 09:25:22.954916,Video,46924,5051,325,3127,1680388,2094821,73,22,899,Reels Feed,2.65,Fitness
IG0001004,2025-05-16 09:25:22.954916,Video,20216,3505,4936,278,1448770,1616732,822,12,983,Hashtags,1.79,Fitness
IG0016353,2025-04-30 09:25:22.954916,Video,4639,2221,232,13273,968674,1338359,171,21,291,Explore,1.52,Fitness
IG0021088,2025-02-08 09:25:22.954916,Video,74908,7627,132,8024,1316165,1605487,2186,17,911,Explore,5.65,Fitness
IG0028911,2025-05-03 09:25:22.954916,Video,65290,7539,3168,13994,1337649,1567987,92,14,68,External,5.74,Fitness
IG0001974,2025-07-16 09:25:22.954916,Video,152788,2737,861,8532,1663978,1936077,1553,5,27,Hashtags,8.52,Fitness
IG0023496,2025-07-05 09:25:22.954916,Video,74694,899,539,13417,1041959,1447324,1666,20,659,Home Feed,6.19,Fitness
IG0012708,2025-08-23 09:25:22.954916,Video,193833,5233,647,9414,825555,992966,1312,14,682,Explore,21.06,Fitness
IG0002627,2025-07-07 09:25:22.954916,Video,71908,7330,2956,4325,319940,420010,811,25,665,Reels Feed,20.6,Fitness
IG0010958,2025-04-28 09:25:22.954916,Video,199795,9699,4050,10467,155093,453842,953,7,801,Explore,49.36,Fitness
IG0020955,2025-08-25 09:25:22.954916,Video,129294,2582,3737,6435,1281621,1414500,1703,9,402,Home Feed,10.04,Food
IG0002718,2025-02-19 09:25:22.954916,Video,98753,7,2384,14469,874368,1092088,1145,20,649,Explore,10.59,Food
IG0023601,2025-07-12 09:25:22.954916,Video,71522,9039,4303,6347,652178,928945,1066,2,384,Home Feed,9.82,Food
IG0001476,2024-12-22 09:25:22.954916,Video,25817,5806,2265,11357,1508329,1951141,468,18,22,Profile,2.32,Food
IG0000676,2025-07-15 09:25:22.954916,Video,11597,1158,2670,195,1183195,1208007,213,3,124,Explore,1.29,Food
IG0016419,2025-09-09 09:25:22.954916,Video,78080,8140,1772,12329,1858576,2060036,1253,12,115,Profile,4.87,Food
IG0002896,2025-09-23 09:25:22.954916,Video,39259,5632,1586,14058,678425,804038,1818,19,134,Explore,7.53,Food
IG0017928,2025-08-27 09:25:22.954916,Video,81596,4655,1145,2845,1393898,1479551,960,5,975,External,6.1,Food
IG0029467,2025-11-07 09:25:22.954916,Video,92332,6660,1830,1453,1002767,1478716,864,1,450,External,6.92,Food
IG0012969,2025-08-07 09:25:22.954916,Video,151263,8448,3799,2720,356756,714248,1393,5,970,Hashtags,23.27,Food
IG0002737,2025-05-06 09:25:22.954916,Video,185936,4063,2392,10425,328964,489811,714,17,491,External,41.41,Food
IG0016935,2025-05-26 09:25:22.954916,Video,161006,7680,1653,1417,285460,428844,559,9,709,External,40.05,Food
IG0029589,2024-12-29 09:25:22.954916,Video,164825,8419,3023,14299,1450663,1790583,969,0,41,Profile,10.64,Lifestyle
IG0026286,2025-07-08 09:25:22.954916,Video,127112,8253,3014,3164,684725,941865,278,12,242,Profile,15.03,Lifestyle
IG0003228,2024-12-24 09:25:22.954916,Video,178034,5437,3344,8225,1852359,2035608,1028,14,759,External,9.58,Lifestyle
IG0004074,2025-09-22 09:25:22.954916,Video,65191,9962,997,7251,1964261,2256952,2055,13,256,Profile,3.7,Lifestyle
IG0008407,2025-05-15 09:25:22.954916,Video,92357,889,4562,8739,1895917,2293775,1720,2,746,Reels Feed,4.65,Lifestyle
IG0023505,2025-03-26 09:25:22.954916,Video,4810,6777,4923,3565,1864791,2319964,1088,14,656,Profile,0.87,Lifestyle
IG0004357,2025-09-24 09:25:22.954916,Video,61838,4727,1952,8756,991857,1257724,824,14,337,Explore,6.14,Lifestyle
IG0008208,2024-12-26 09:25:22.954916,Video,97870,2207,448,14611,1637738,1871705,995,16,974,Home Feed,6.15,Lifestyle
IG0022083,2024-11-25 09:25:22.954916,Video,21091,3545,4130,12674,399363,644365,1343,14,593,Home Feed,6.43,Lifestyle
IG0016525,2025-05-08 09:25:22.954916,Video,57159,6691,3937,1966,254925,411683,1421,26,21,Reels Feed,16.94,Lifestyle
IG0002907,2025-07-14 09:25:22.954916,Video,10335,6879,4985,9996,84067,126387,485,2,235,Hashtags,25.47,Lifestyle
IG0005901,2025-10-24 09:25:22.954916,Video,112631,9661,1720,5456,160192,160804,2023,2,955,Home Feed,80.51,Lifestyle
IG0004024,2025-03-01 09:25:22.954916,Video,69861,198,2852,12923,547509,773322,1493,24,879,Profile,11.1,Music
IG0006794,2025-04-28 09:25:22.954916,Video,190582,9271,3323,5386,1818350,2267594,983,10,175,Hashtags,9.2,Music
IG0027162,2025-04-18 09:25:22.954916,Video,104947,376,4060,11397,788880,800277,1513,30,275,Hashtags,15.09,Music
IG0003709,2025-11-12 09:25:22.954916,Video,12625,2358,4895,13912,1961670,2385176,217,18,929,External,1.42,Music
IG0008606,2025-07-11 09:25:22.954916,Video,8092,8349,78,11504,410149,675390,1941,13,585,Hashtags,4.15,Music
IG0027057,2025-06-14 09:25:22.954916,Video,19910,494,694,5070,1886138,1914219,968,6,649,Reels Feed,1.37,Music
IG0021968,2025-06-12 09:25:22.954916,Video,60880,2817,1451,8836,855718,1178770,1120,2,654,Explore,6.28,Music
IG0002030,2025-07-30 09:25:22.954916,Video,89172,8416,2045,1078,1087766,1492276,1005,28,953,Home Feed,6.75,Music
IG0024310,2025-05-13 09:25:22.954916,Video,29722,329,3622,8219,200158,652942,670,16,49,External,6.42,Music
IG0024816,2025-09-05 09:25:22.954916,Video,74346,299,4241,10709,152031,315600,481,9,981,External,28.39,Music
IG0021375,2025-02-08 09:25:22.954916,Video,155983,8683,1617,13021,81912,365333,2196,17,465,External,49.08,Music
IG0024518,2025-10-01 09:25:22.954916,Video,102661,9243,4788,13485,8227,190690,119,12,120,Home Feed,68.27,Music
IG0003470,2025-10-08 09:25:22.954916,Video,85575,4375,1723,14409,669462,683075,1266,4,496,Hashtags,15.53,Photography
IG0007499,2025-01-27 09:25:22.954916,Video,142851,7154,858,7106,1498490,1611427,98,28,468,Reels Feed,9.8,Photography
IG0025635,2025-04-04 09:25:22.954916,Video,151609,7754,34,5112,1307899,1584147,183,22,642,External,10.38,Photography
IG0015274,2024-12-11 09:25:22.954916,Video,7405,5730,1692,8527,1031271,1456577,1761,22,382,Hashtags,1.6,Photography
IG0026445,2025-04-26 09:25:22.954916,Video,9602,2514,2044,8544,1642220,1690466,1809,9,483,Home Feed,1.34,Photography
IG0027098,2025-05-02 09:25:22.954916,Video,69927,5355,4975,10117,1974402,2199678,510,26,67,Profile,4.11,Photography
IG0026326,2025-03-04 09:25:22.954916,Video,163412,7488,4714,14857,1967663,2268929,258,13,853,Hashtags,8.39,Photography
IG0024352,2025-04-13 09:25:22.954916,Video,53563,306,619,1316,837132,959517,676,21,797,Profile,5.82,Photography
IG0016873,2025-09-29 09:25:22.954916,Video,107816,2390,822,8340,1909638,2298144,386,0,625,Profile,5.19,Photography
IG0003323,2025-01-04 09:25:22.954916,Video,180553,9369,2282,10842,526005,1025266,415,7,567,Hashtags,19.8,Photography
IG0007239,2025-06-06 09:25:22.954916,Video,149954,0,1206,14840,483561,537844,1641,0,972,Explore,30.86,Photography
IG0024363,2025-11-02 09:25:22.954916,Video,198687,6989,2660,5322,216667,382573,1680,2,470,Hashtags,55.85,Photography
IG0022913,2025-10-17 09:25:22.954916,Video,164899,7034,4284,4481,1371800,1562279,1274,26,711,External,11.57,Technology
IG0002181,2024-12-20 09:25:22.954916,Video,190338,1795,348,4399,1877946,2031915,742,11,201,Reels Feed,9.69,Technology
IG0009778,2025-01-19 09:25:22.954916,Video,129175,7047,2024,13536,1464181,1645467,1042,11,136,Reels Feed,9.22,Technology
IG0021997,2025-06-04 09:25:22.954916,Video,32466,3339,2277,6759,1696544,2194254,1376,3,748,Explore,2.04,Technology
IG0019013,2025-11-13 09:25:22.954916,Video,31497,5926,3717,14831,1320431,1389702,813,29,730,Home Feed,4.03,Technology
IG0003348,2025-11-13 09:25:22.954916,Video,74118,6447,4754,7616,1825281,1974233,1538,24,787,Hashtags,4.71,Technology
IG0018231,2025-02-25 09:25:22.954916,Video,125793,1442,1093,3216,1687897,2138724,1487,15,341,External,6.15,Technology
IG0008433,2025-02-15 09:25:22.954916,Video,91474,4501,348,11312,1226003,1431323,829,4,33,Reels Feed,7.52,Technology
IG0008805,2024-12-19 09:25:22.954916,Video,64677,8496,2166,10965,1060779,1523934,61,28,326,Profile,5.66,Technology
IG0028920,2025-02-14 09:25:22.954916,Video,106995,6013,3587,1912,308749,636364,1402,24,197,Explore,18.62,Technology
IG0026142,2025-05-11 09:25:22.954916,Video,80101,1123,2763,13075,388174,528026,1317,24,96,Home Feed,18.38,Technology
IG0002994,2024-12-29 09:25:22.954916,Video,180446,4568,510,8128,248920,698082,1226,13,34,Profile,27.74,Technology
IG0004977,2025-04-05 09:25:22.954916,Video,150745,7034,3005,13424,1266980,1444239,1857,14,349,Profile,12.06,Travel
IG0008728,2025-07-18 09:25:22.954916,Video,198995,8597,1521,8521,1948988,2327694,153,23,335,Profile,9.35,Travel
IG0026175,2025-02-03 09:25:22.954916,Video,43533,7103,2752,6533,72892,400850,1017,26,449,Reels Feed,14.95,Travel
IG0011653,2025-08-17 09:25:22.954916,Video,17054,5413,1271,3074,642676,1016203,2087,29,641,Profile,2.64,Travel
IG0002093,2025-08-23 09:25:22.954916,Video,19824,9519,2228,24,1045713,1395399,2146,5,261,Explore,2.26,Travel
IG0015893,2024-12-25 09:25:22.954916,Video,80615,7415,3196,2901,1621008,2015802,381,14,464,Explore,4.67,Travel
IG0028807,2025-01-03 09:25:22.954916,Video,43695,8234,976,945,605140,966599,56,25,318,Explore,5.57,Travel
IG0026565,2025-01-09 09:25:22.954916,Video,61793,8716,1519,12261,1124579,1535685,571,4,511,Explore,5.49,Travel
IG0003129,2025-07-13 09:25:22.954916,Video,147983,4982,2682,11159,1528586,1817398,1961,26,544,External,9.18,Travel
IG0001670,2025-05-17 09:25:22.954916,Video,95761,958,3838,12426,613787,640396,1086,9,820,Hashtags,17.64,Travel
IG0001366,2025-11-10 09:25:22.954916,Video,180426,8129,1572,5249,54299,447217,407,1,386,Profile,43.69,Travel
IG0015334,2025-04-18 09:25:22.954916,Video,165894,7943,4491,12799,1062248,1080173,1283,4,277,External,17.69,Travel
IG0013591,2025-05-09 09:25:22.954916,Video,157247,8064,3039,4999,500762,712164,1050,14,775,Profile,24.34,Comedy
IG0005702,2025-10-21 09:25:22.954916,Video,86436,717,2492,2695,1145765,1499944,1264,11,300,Reels Feed,6.16,Music
IG0005648,2025-03-11 09:25:22.954916,Video,158409,9556,2203,11488,835063,1037703,1410,30,292,Profile,17.51,Comedy
IG0003384,2025-03-01 09:25:22.954916,Video,159072,6241,1054,11525,1124308,1328953,1890,4,746,Home Feed,13.39,Music
IG0027010,2025-05-19 09:25:22.954916,Carousel,92275,268,2255,971,1229995,1412938,848,23,406,Profile,6.78,Travel
IG0021463,2025-03-09 09:25:22.954916,Reel,130787,282,4195,7799,535906,853629,1878,17,809,External,16.76,Food
IG0007484,2025-08-23 09:25:22.954916,Carousel,123048,3084,2707,3313,1977784,2148911,223,16,116,Profile,6.15,Photography
IG0026416,2024-12-01 09:25:22.954916,Video,163798,1625,2770,11565,1017429,1251194,1877,28,59,External,14.37,Fitness
IG0023249,2025-02-25 09:25:22.954916,Photo,79338,6185,326,12066,1516103,1871717,1270,14,789,Home Feed,5.23,Food
IG0025474,2025-06-16 09:25:22.954916,Video,138058,6434,5000,14925,548429,609870,1253,24,147,Reels Feed,26.96,Photography
IG0023102,2025-10-24 09:25:22.954916,Photo,80609,4089,2208,103,269101,292545,197,18,218,Explore,29.74,Comedy
IG0019641,2025-05-27 09:25:22.954916,Reel,19319,4933,2606,12081,1470052,1749637,1069,12,537,Hashtags,2.23,Comedy
IG0001994,2025-03-21 09:25:22.954916,Reel,12678,1333,3877,13734,1517436,1982082,964,12,390,Home Feed,1.6,Comedy
